{"days_since_start": [1, 2, 3, 4, 5, 6, 7, 8, 9, 10, 11, 12, 13, 14], "reservations": [10, 13, 15, 14, 17, 18, 20, 18, 21, 23, 24, 20, 23, 24], "future_days": [15, 16, 17, 18, 19, 20], "predicted_reservations": [25.89010989010989, 26.86593406593407, 27.841758241758242, 28.817582417582422, 29.793406593406594, 30.769230769230774]}